Metric,Value
NDCG@5,0.8654174162987017
NDCG@10,0.8643322806123224
Training Time (s),94.41060280799866
