metric,value
ndcg@5,0.8135671619217418
ndcg@10,0.8044293979350717
mrr,0.7956112295664535
training_time,2.023175001144409
